nama_depan,nama_belakang,nama_lengkap,email
Ani,Lestari,Ani Lestari,ani.lestari@mail.com
Budi,Hermawan,Budi Hermawan,budi.hermawan@mail.com
Cindy,Amara,Cindy Amara,cindy.amara@mail.com
Dodi,Mulyanto,Dodi Mulyanto,dodi.mulyanto@mail.com
Eka,Saputra,Eka Saputra,eka.saputra@mail.com
